,Calibration Methods,,,,,,,,,,,,,,
,Uncalibrated,,,Transformer,,,In-Context Temp,,,FS In-Context Temp,,,Examples Permutation avg,,
Datasets,ECE,MCE,BRIER,ECE,MCE,BRIER,ECE,MCE,BRIER,ECE,MCE,BRIER,ECE,MCE,BRIER
amazon_counterfactual,14.2,41.9,0.405,6.6,14.7,0.354,8.0,38.2,0.369,7.7,38.1,0.365,10.6,19.6,0.345
banking77,8.7,43.4,0.222,6.9,27.0,0.220,6.0,31.8,0.218,5.1,29.4,0.216,4.6,36.8,0.194
commonsense_qa,16.3,40.1,0.469,5.3,33.7,0.444,8.6,23.4,0.455,8.8,22.7,0.456,12.3,33.1,0.427
dbpedia_l1,1.0,54.1,0.016,4.4,47.1,0.020,1.8,60.3,0.020,1.5,59.2,0.019,0.980,49.5,0.014
massive_intent,8.3,40.9,0.285,5.9,33.1,0.277,6.6,41.8,0.276,6.7,44.1,0.277,5.8,32.2,0.256
metatool,9.6,39.6,0.261,5.8,35.4,0.251,6.1,39.2,0.253,5.9,38.0,0.252,5.9,33.9,0.234
qqp,9.4,22.2,0.299,6.0,13.1,0.296,9.4,18.4,0.324,10.0,19.5,0.328,5.5,14.6,0.255
wildguard,22.2,42.4,0.654,6.5,19.5,0.606,7.7,28.3,0.606,9.8,27.8,0.623,17.7,34.2,0.611
when2call,32.0,41.6,0.750,9.7,23.0,0.605,8.8,25.2,0.602,8.9,30.1,0.602,28.1,42.3,0.711
wikitoxic,14.3,31.9,0.327,4.9,12.0,0.296,8.9,17.0,0.317,8.1,16.5,0.309,10.3,20.6,0.291
Average,13.6,39.8,0.369,6.2,25.9,0.337,7.2,32.4,0.344,7.2,32.5,0.345,10.2,31.7,0.334
