,Calibration Methods,,,,,
,Tf,,Ict,,Permut Avg,
Datasets,Accuracy,ECE,Accuracy,ECE,Accuracy,ECE
amazon_counterfactual,0.8213 ± 0.0198,0.0549 ± 0.0147,0.8213 ± 0.0198,0.0501 ± 0.0094,0.8271 ± 0.0165,0.0965 ± 0.0104
banking77,0.9135 ± 0.0118,0.0324 ± 0.0044,0.9135 ± 0.0118,0.0517 ± 0.0089,0.9149 ± 0.0091,0.0767 ± 0.0150
commonsense_qa,0.8547 ± 0.0185,0.0472 ± 0.0110,0.8547 ± 0.0185,0.0562 ± 0.0092,0.8537 ± 0.0191,0.1490 ± 0.0240
dbpedia_l1,0.9903 ± 0.0056,0.0358 ± 0.0045,0.9903 ± 0.0056,0.0465 ± 0.0071,0.9909 ± 0.0054,0.0144 ± 0.0076
massive_intent,0.8683 ± 0.0390,0.0511 ± 0.0343,0.8683 ± 0.0390,0.0711 ± 0.0410,0.8724 ± 0.0393,0.1286 ± 0.0514
metatool,0.8839 ± 0.0155,0.0309 ± 0.0051,0.8839 ± 0.0155,0.0485 ± 0.0101,0.8840 ± 0.0148,0.1215 ± 0.0202
qqp,0.8538 ± 0.0180,0.0449 ± 0.0122,0.8538 ± 0.0180,0.0637 ± 0.0131,0.8524 ± 0.0183,0.1420 ± 0.0208
wikitoxic,0.8416 ± 0.0159,0.0636 ± 0.0150,0.8416 ± 0.0159,0.0707 ± 0.0154,0.8428 ± 0.0179,0.1526 ± 0.0185
wildguard,0.7075 ± 0.0228,0.0847 ± 0.0193,0.7075 ± 0.0228,0.0697 ± 0.0139,0.7091 ± 0.0264,0.2844 ± 0.0302
Average,0.8594 ± 0.0204,0.0495 ± 0.0161,0.8594 ± 0.0204,0.0587 ± 0.0173,0.8608 ± 0.0207,0.1295 ± 0.0252
