,Shot Counts,,,,,,,,,,,,,,
,5-shot,,,6-shot,,,8-shot,,,10-shot,,,12-shot,,
Method,ACCURACY,BRIER,Ece,ACCURACY,BRIER,Ece,ACCURACY,BRIER,Ece,ACCURACY,BRIER,Ece,ACCURACY,BRIER,Ece
Uncalibrated,57.8,0.666,24.0,58.1,0.661,24.0,58.5,0.653,23.8,59.4,0.640,24.0,59.8,0.631,23.9
ICC,55.3,0.706,25.9,55.9,0.698,25.3,56.2,0.688,25.0,57.0,0.673,24.6,57.4,0.667,24.3
ICPermutation,58.8,0.627,20.7,58.9,0.623,20.8,59.7,0.608,20.1,60.6,0.596,19.9,61.2,0.585,19.3
TS-FS,57.8,0.593,10.0,58.1,0.585,9.4,58.5,0.568,7.9,59.4,0.558,7.9,59.8,0.551,7.8
TS-AR,57.8,0.596,10.3,58.1,0.584,9.4,58.5,0.571,8.1,59.4,0.557,7.6,59.8,0.551,7.6
Calibformer,57.8,0.581,9.3,58.1,0.571,8.2,58.5,0.562,6.8,59.4,0.555,6.7,59.8,0.550,6.2
Average,57.6,0.628,16.7,57.9,0.620,16.2,58.3,0.608,15.3,59.2,0.597,15.1,59.6,0.589,14.8
