,Calibration Methods,,
,Uncalibrated,Transformer,Permut Avg
Datasets,ACCURACY,ACCURACY,ACCURACY
amazon_counterfactual,76.2 ± 1.8,76.2 ± 1.8,77.0 ± 1.8
banking77,85.4 ± 2.0,85.4 ± 2.0,86.8 ± 1.8
commonsense_qa,70.1 ± 2.4,70.1 ± 2.4,71.4 ± 2.6
dbpedia_l1,99.0 ± 0.5,99.0 ± 0.5,99.1 ± 0.4
massive_intent,82.1 ± 2.3,82.1 ± 2.3,83.7 ± 2.2
metatool,83.3 ± 2.2,83.3 ± 2.2,85.1 ± 1.8
qqp,80.5 ± 2.0,80.5 ± 2.0,82.7 ± 2.3
when2call,53.6 ± 1.9,53.6 ± 1.9,54.8 ± 2.0
wikitoxic,80.2 ± 2.2,80.2 ± 2.2,81.6 ± 2.0
wildguard,55.1 ± 2.2,55.1 ± 2.2,57.2 ± 2.2
Average,76.6 ± 2.0,76.6 ± 2.0,77.9 ± 2.0
