,Calibration Methods,,,,,,,,,,,
,Uncalibrated,,ICC,,ICPermutation,,TS-AR,,TS-FS,,Calibformer,
Datasets,Ece,BRIER,Ece,BRIER,Ece,BRIER,Ece,BRIER,Ece,BRIER,Ece,BRIER
amazon_counterfactual,13.2,0.366,18.2,0.480,7.9,0.303,7.4,0.345,7.3,0.346,4.3,0.322
commonsense_qa,20.0,0.492,21.7,0.531,18.0,0.471,7.9,0.454,7.4,0.453,4.6,0.444
massive_intent,21.2,0.635,24.9,0.749,15.1,0.585,7.5,0.593,7.5,0.594,4.9,0.596
medqa,21.4,0.685,22.7,0.704,20.6,0.675,8.4,0.640,8.5,0.641,8.5,0.629
metatool,22.8,0.586,24.8,0.672,17.8,0.544,7.0,0.541,6.5,0.538,5.7,0.540
when2call,36.2,0.812,34.5,0.813,33.5,0.787,11.7,0.657,11.4,0.654,12.3,0.658
wikitoxic,16.3,0.489,15.8,0.475,12.8,0.431,11.5,0.457,11.1,0.449,8.0,0.422
wildguard,40.4,1.1,37.3,1.1,35.8,1.1,7.5,0.887,8.8,0.892,11.1,0.900
Average,23.9,0.646,25.0,0.691,20.2,0.612,8.6,0.572,8.6,0.571,7.4,0.564
