,Calibration Methods,,,,,,,,,,,,,
,Uncalibrated,,In-Context Calibration,,Examples Permutation avg,,ICT,,FS ICT,,Calibformer,,Tf Qe,
Datasets,Ece,BRIER,Ece,BRIER,Ece,BRIER,Ece,BRIER,Ece,BRIER,Ece,BRIER,Ece,BRIER
amazon_counterfactual,13.1,0.363,18.1,0.479,7.8,0.301,7.3,0.344,7.2,0.344,4.2,0.322,4.3,0.321
commonsense_qa,18.3,0.492,19.6,0.531,16.6,0.471,7.8,0.454,7.4,0.453,4.7,0.445,4.7,0.444
massive_intent,21.6,0.642,24.8,0.751,15.7,0.593,7.4,0.595,7.5,0.596,4.9,0.603,5.5,0.600
medqa,21.9,0.685,23.7,0.704,21.2,0.675,8.6,0.640,8.8,0.641,8.7,0.630,8.3,0.629
metatool,20.4,0.586,22.1,0.672,16.7,0.545,6.8,0.542,6.4,0.538,5.7,0.543,5.7,0.538
when2call,33.2,0.816,32.5,0.817,31.2,0.789,11.5,0.657,11.2,0.654,13.0,0.663,12.6,0.658
wikitoxic,16.2,0.487,15.7,0.473,12.7,0.429,11.5,0.456,11.2,0.449,7.9,0.420,8.6,0.423
wildguard,38.0,1.1,35.2,1.1,34.5,1.1,7.6,0.887,8.8,0.891,11.4,0.900,11.5,0.903
Average,22.8,0.646,24.0,0.691,19.5,0.613,8.6,0.572,8.6,0.571,7.6,0.566,7.7,0.565
