,Calibration Methods,,,,,,,,,,,,,,,,,,,,,,,
,Uncalibrated,,,,In-Context Temp,,,,FS In-Context Temp,,,,Examples Permutation avg,,,,Permut Avg,,,,Transformer,,,
Datasets,ACCURACY,ECE,MCE,BRIER,ACCURACY,ECE,MCE,BRIER,ACCURACY,ECE,MCE,BRIER,ACCURACY,ECE,MCE,BRIER,ACCURACY,ECE,MCE,BRIER,ACCURACY,ECE,MCE,BRIER
amazon_counterfactual,77.9 ± 2.3,13.6 ± 1.8,44.4 ± 7.7,0.367 ± 0.037,77.9 ± 2.3,7.8 ± 1.4,41.6 ± 10.6,0.350 ± 0.029,77.9 ± 2.3,7.8 ± 1.3,41.5 ± 10.8,0.352 ± 0.029,69.9 ± 2.2,18.3 ± 1.8,31.9 ± 6.8,0.476 ± 0.033,79.3 ± 2.1,8.2 ± 1.7,16.1 ± 6.1,0.305 ± 0.029,77.9 ± 2.3,5.2 ± 1.2,13.1 ± 4.8,0.332 ± 0.027
banking77,61.3 ± 2.6,22.9 ± 2.6,40.8 ± 9.0,0.604 ± 0.045,61.3 ± 2.6,8.6 ± 1.6,24.6 ± 8.2,0.570 ± 0.029,61.3 ± 2.6,8.7 ± 1.6,25.2 ± 7.9,0.569 ± 0.031,52.9 ± 2.5,28.3 ± 2.1,46.5 ± 8.0,0.737 ± 0.035,62.2 ± 2.6,19.1 ± 2.6,36.2 ± 9.8,0.572 ± 0.039,61.3 ± 2.6,5.9 ± 1.8,32.1 ± 17.8,0.572 ± 0.033
commonsense_qa,69.1 ± 2.3,18.6 ± 2.0,42.8 ± 11.1,0.500 ± 0.035,69.1 ± 2.3,7.6 ± 1.4,24.1 ± 10.6,0.459 ± 0.027,69.1 ± 2.3,7.4 ± 1.4,21.8 ± 8.1,0.458 ± 0.026,67.3 ± 2.4,20.1 ± 2.0,41.4 ± 6.9,0.535 ± 0.036,69.8 ± 2.3,16.9 ± 2.2,39.1 ± 10.6,0.477 ± 0.035,69.1 ± 2.3,5.6 ± 1.3,31.7 ± 16.9,0.458 ± 0.026
dbpedia_l1,78.2 ± 2.4,12.3 ± 2.0,41.1 ± 11.7,0.347 ± 0.036,78.2 ± 2.4,6.5 ± 1.4,30.4 ± 13.6,0.344 ± 0.030,78.2 ± 2.4,6.9 ± 1.4,34.4 ± 20.3,0.346 ± 0.030,60.7 ± 2.3,23.3 ± 1.5,44.0 ± 8.5,0.645 ± 0.041,80.1 ± 2.4,7.7 ± 2.3,36.1 ± 16.4,0.305 ± 0.036,78.2 ± 2.4,5.6 ± 1.3,34.2 ± 19.0,0.344 ± 0.031
massive_intent,55.8 ± 2.3,22.8 ± 2.5,44.0 ± 5.6,0.671 ± 0.042,55.8 ± 2.3,6.3 ± 0.9,21.0 ± 14.1,0.610 ± 0.026,55.8 ± 2.3,6.3 ± 1.0,23.7 ± 15.6,0.609 ± 0.027,51.4 ± 3.3,24.2 ± 2.5,58.2 ± 16.3,0.764 ± 0.050,57.9 ± 2.4,17.5 ± 2.3,37.4 ± 8.3,0.622 ± 0.039,55.8 ± 2.3,6.8 ± 2.0,20.5 ± 5.6,0.627 ± 0.030
metatool,60.9 ± 2.3,23.6 ± 1.9,42.5 ± 8.7,0.593 ± 0.036,60.9 ± 2.3,7.0 ± 1.3,23.8 ± 16.4,0.546 ± 0.028,60.9 ± 2.3,6.7 ± 1.4,20.1 ± 11.8,0.544 ± 0.026,57.9 ± 3.5,23.0 ± 3.2,41.2 ± 9.4,0.645 ± 0.048,62.4 ± 2.5,18.2 ± 2.2,36.5 ± 12.1,0.553 ± 0.033,60.9 ± 2.3,7.4 ± 1.6,27.4 ± 15.2,0.554 ± 0.029
qqp,71.2 ± 2.4,15.8 ± 2.2,24.7 ± 5.9,0.453 ± 0.039,71.2 ± 2.4,9.2 ± 1.4,21.3 ± 4.9,0.439 ± 0.028,71.2 ± 2.4,9.1 ± 1.7,20.6 ± 4.9,0.434 ± 0.026,70.3 ± 2.7,15.5 ± 2.6,24.2 ± 5.1,0.452 ± 0.042,72.7 ± 2.6,10.6 ± 2.3,18.5 ± 4.8,0.394 ± 0.034,71.2 ± 2.4,6.6 ± 1.5,17.9 ± 7.1,0.413 ± 0.027
when2call,54.3 ± 2.2,30.7 ± 1.6,44.2 ± 6.6,0.781 ± 0.039,54.3 ± 2.2,11.9 ± 1.7,40.9 ± 9.0,0.646 ± 0.023,54.3 ± 2.2,11.9 ± 1.6,42.2 ± 10.5,0.646 ± 0.023,51.3 ± 2.5,30.5 ± 1.9,46.9 ± 8.0,0.791 ± 0.039,55.1 ± 2.1,29.1 ± 1.7,44.4 ± 8.3,0.760 ± 0.038,54.3 ± 2.2,10.7 ± 1.8,39.8 ± 14.3,0.638 ± 0.024
wikitoxic,71.7 ± 2.6,17.4 ± 2.8,31.7 ± 8.4,0.478 ± 0.042,71.7 ± 2.6,11.5 ± 1.4,24.0 ± 4.3,0.452 ± 0.025,71.7 ± 2.6,10.7 ± 1.7,22.1 ± 4.1,0.442 ± 0.025,72.9 ± 2.4,16.7 ± 2.8,29.3 ± 7.1,0.464 ± 0.043,74.0 ± 2.3,13.0 ± 2.0,21.9 ± 4.0,0.418 ± 0.036,71.7 ± 2.6,7.5 ± 1.5,20.5 ± 5.9,0.414 ± 0.027
wildguard,25.5 ± 2.6,37.9 ± 1.4,63.2 ± 4.9,1.1 ± 0.0,25.5 ± 2.6,7.7 ± 1.8,64.9 ± 21.2,0.885 ± 0.013,25.5 ± 2.6,8.7 ± 2.0,67.8 ± 19.8,0.888 ± 0.011,30.3 ± 2.2,35.6 ± 1.2,59.7 ± 5.9,1.1 ± 0.0,26.0 ± 2.1,34.6 ± 1.4,60.9 ± 4.4,1.1 ± 0.0,25.5 ± 2.6,12.9 ± 2.2,55.1 ± 21.5,0.903 ± 0.019
Average,62.6 ± 2.4,21.6 ± 2.1,41.9 ± 8.2,0.589 ± 0.039,62.6 ± 2.4,8.4 ± 1.4,31.7 ± 12.3,0.530 ± 0.026,62.6 ± 2.4,8.4 ± 1.5,31.9 ± 12.6,0.529 ± 0.026,58.5 ± 2.6,23.5 ± 2.2,42.3 ± 8.7,0.661 ± 0.041,64.0 ± 2.3,17.5 ± 2.1,34.7 ± 9.3,0.551 ± 0.036,62.6 ± 2.4,7.4 ± 1.6,29.2 ± 14.1,0.526 ± 0.028
