,Calibration Methods,,,,,,,
,Uncalibrated,,TS-AR,,TS-FS,,Calibformer,
Datasets,Ece,BRIER,Ece,BRIER,Ece,BRIER,Ece,BRIER
amazon_counterfactual,18.9,0.366,6.8,0.333,5.9,0.321,5.3,0.303
commonsense_qa,19.3,0.363,7.0,0.335,6.8,0.334,4.4,0.325
massive_intent,11.2,0.226,8.0,0.223,7.8,0.223,4.1,0.210
medqa,24.8,0.539,7.7,0.485,7.5,0.483,6.2,0.474
metatool,11.6,0.194,5.6,0.178,5.3,0.176,4.2,0.173
when2call,17.9,0.319,6.3,0.277,6.6,0.277,4.2,0.260
wikitoxic,14.7,0.259,6.4,0.230,6.3,0.232,4.7,0.222
wildguard,25.2,0.462,8.0,0.416,8.5,0.421,6.7,0.408
Average,18.0,0.341,7.0,0.310,6.8,0.308,5.0,0.297
