,Calibration Methods,,,,,,,,,
,Uncalibrated,,ICPermutation,,TS-AR,,TS-FS,,Calibformer,
Datasets,Ece,BRIER,Ece,BRIER,Ece,BRIER,Ece,BRIER,Ece,BRIER
amazon_counterfactual,15.0,0.354,8.7,0.299,7.7,0.324,7.3,0.326,4.5,0.306
commonsense_qa,18.3,0.475,13.6,0.428,9.5,0.463,9.8,0.465,5.0,0.442
massive_intent,10.7,0.271,6.5,0.241,6.5,0.263,6.8,0.264,6.4,0.261
medqa,17.2,0.610,14.8,0.594,8.9,0.596,9.0,0.596,6.1,0.577
metatool,9.4,0.243,5.9,0.224,5.6,0.235,5.3,0.233,6.4,0.231
when2call,33.0,0.762,28.2,0.716,8.0,0.599,8.5,0.601,10.3,0.612
wikitoxic,15.9,0.372,12.6,0.336,10.2,0.353,9.3,0.345,5.9,0.324
wildguard,24.8,0.669,19.9,0.624,8.1,0.616,9.9,0.631,5.9,0.609
Average,18.0,0.469,13.8,0.433,8.1,0.431,8.2,0.433,6.3,0.420
